{"name":"JL Convert Taxonomy Terms","slug":"jl-convert-taxonomy-terms","version":"1.4","author":"<a href=\"https:\/\/love-coding.pl\/en\">JL-lovecoding<\/a>","author_profile":"https:\/\/profiles.wordpress.org\/lovecoding\/","contributors":{"lovecoding":{"profile":"https:\/\/profiles.wordpress.org\/lovecoding\/","avatar":"https:\/\/secure.gravatar.com\/avatar\/bdf7d0572022463d7c5ebf254e850026?s=96&d=monsterid&r=g","display_name":"lovecoding"}},"requires":"5.0","tested":"6.2.3","requires_php":"7.0","requires_plugins":[],"rating":100,"ratings":{"5":1,"4":0,"3":0,"2":0,"1":0},"num_ratings":1,"support_threads":0,"support_threads_resolved":0,"active_installs":10,"last_updated":"2023-03-31 12:10pm GMT","added":"2020-06-20","homepage":"","sections":{"description":"<p>JL Convert Taxonomy Terms plugin allows to move taxonomy terms and its children to another taxonomy with saving taxonomy hierarchy. Now you can easily switch taxonomy for all terms.<\/p>\n<p>It may happened, that after taxonomy converting some pages will not display correctly. Then you must refresh permalinks. Go to Settings -&gt; Permalinks and press button &#8216;Save settings&#8217;.<\/p>\n<h3>Features<\/h3>\n<ul>\n<li>Simple and easy to use<\/li>\n<\/ul>\n","installation":"<ol>\n<li>Install and activate the plugin on the Plugins page<\/li>\n<li>Got ot Tools -&gt; Convert Taxonomy Terms<\/li>\n<li>Convert your terms to other taxonomy \ud83d\ude42<\/li>\n<\/ol>\n","faq":"<p>No questions yet.<\/p>\n","screenshots":"<ol><li><a href=\"https:\/\/ps.w.org\/jl-convert-taxonomy-terms\/assets\/screenshot-1.JPG?rev=2327907\"><img src=\"https:\/\/ps.w.org\/jl-convert-taxonomy-terms\/assets\/screenshot-1.JPG?rev=2327907\" alt=\"screenshot-1.jpg\"><\/a><p>screenshot-1.jpg<\/p><\/li><\/ol>","reviews":"<div class=\"review\">\n\t<div class=\"review-head\">\n\t\t<div class=\"reviewer-info\">\n\t\t\t<div class=\"review-title-section\">\n\t\t\t\t<h4 class=\"review-title\">It works<\/h4>\n\t\t\t\t<div class=\"star-rating\">\n\t\t\t\t<div class=\"wporg-ratings\" aria-label=\"5 out of 5 stars\" data-title-template=\"%s out of 5 stars\" data-rating=\"5\" style=\"color:#ffb900;\"><span class=\"star dashicons dashicons-star-filled\"><\/span><span class=\"star dashicons dashicons-star-filled\"><\/span><span class=\"star dashicons dashicons-star-filled\"><\/span><span class=\"star dashicons dashicons-star-filled\"><\/span><span class=\"star dashicons dashicons-star-filled\"><\/span><\/div>\t\t\t\t<\/div>\n\t\t\t<\/div>\n\t\t\t<p class=\"reviewer\">\n\t\t\t\tBy <a href=\"https:\/\/profiles.wordpress.org\/afdth\/\"><img alt='' src='https:\/\/secure.gravatar.com\/avatar\/ee823822dcc0ff64d2c6feb13864008d?s=16&#038;d=monsterid&#038;r=g' srcset='https:\/\/secure.gravatar.com\/avatar\/ee823822dcc0ff64d2c6feb13864008d?s=32&#038;d=monsterid&#038;r=g 2x' class='avatar avatar-16 photo' height='16' width='16' loading='lazy' decoding='async'\/><\/a><a href=\"https:\/\/profiles.wordpress.org\/afdth\/\" class=\"reviewer-name\">afdth<\/a> on <span class=\"review-date\">December 20, 2021<\/span>\t\t\t<\/p>\n\t\t<\/div>\n\t<\/div>\n\t<div class=\"review-body\">couldnt find a solution for this issue anywhere but this plugin let me simply copy the terms from one custom taxonomy to another. \nWorks on current wordpress from what I can tell. <\/div>\n<\/div>\n"},"download_link":"https:\/\/downloads.wordpress.org\/plugin\/jl-convert-taxonomy-terms.zip","screenshots":{"1":{"src":"https:\/\/ps.w.org\/jl-convert-taxonomy-terms\/assets\/screenshot-1.JPG?rev=2327907","caption":"screenshot-1.jpg"}},"tags":{"convert-tags":"convert tags","convert-taxonomies":"convert taxonomies","convert-taxonomy-term":"convert taxonomy term","covert-categories":"covert categories","move-taxonomy-term":"move taxonomy term"},"versions":{"1.0":"https:\/\/downloads.wordpress.org\/plugin\/jl-convert-taxonomy-terms.1.0.zip","1.1":"https:\/\/downloads.wordpress.org\/plugin\/jl-convert-taxonomy-terms.1.1.zip","1.2":"https:\/\/downloads.wordpress.org\/plugin\/jl-convert-taxonomy-terms.1.2.zip","1.3":"https:\/\/downloads.wordpress.org\/plugin\/jl-convert-taxonomy-terms.1.3.zip"},"donate_link":"","banners":[]}