{"name":"Vishwa 301 Redirects","slug":"vishwa-301-redirects","version":"1.0.0","author":"<a href=\"http:\/\/vishwainfoways.com\/\">Vishwa Infoways<\/a>","author_profile":"https:\/\/profiles.wordpress.org\/vishwainfoways\/","contributors":{"vishwainfoways":{"profile":"https:\/\/profiles.wordpress.org\/vishwainfoways\/","avatar":"https:\/\/secure.gravatar.com\/avatar\/f99f4b705eaa1d834701ad72c43636ce?s=96&d=monsterid&r=g","display_name":"vishwainfoways"}},"requires":"3.0","tested":"4.9.24","requires_php":false,"requires_plugins":[],"rating":0,"ratings":{"5":0,"4":0,"3":0,"2":0,"1":0},"num_ratings":0,"support_threads":0,"support_threads_resolved":0,"active_installs":10,"last_updated":"2018-03-12 11:54am GMT","added":"2018-03-12","homepage":"http:\/\/vishwainfoways.com\/wp-vishwa-301-redirects\/","sections":{"description":"<p>Add pages to rediect wit header code 301.<br \/>\nIt is useful when you have shifted to new hosting and is not able to preserve old URL structure.<br \/>\nIt helps to you and to your visitor to redirect to those pages where you want.<\/p>\n","installation":"<ol>\n<li>Upload Vishwa 301 Redirects to the <code>\/wp-content\/plugins\/<\/code> directory<\/li>\n<li>Activate the plugin through the &#8216;Plugins&#8217; menu in WordPress<\/li>\n<li>Add redirects on the Settings &gt; Vishwa 301 Redirects page.<\/li>\n<\/ol>\n<h4>1.0<\/h4>\n<ul>\n<li>Initial Release<\/li>\n<\/ul>\n","faq":"\n<h4>Installation Instructions<\/h4>\n<p>\n<ol>\n<li>Upload Vishwa 301 Redirects to the <code>\/wp-content\/plugins\/<\/code> directory<\/li>\n<li>Activate the plugin through the &#8216;Plugins&#8217; menu in WordPress<\/li>\n<li>Add redirects on the Settings &gt; Vishwa 301 Redirects page.<\/li>\n<\/ol>\n<h4>1.0<\/h4>\n<ul>\n<li>Initial Release<\/li>\n<\/ul>\n<\/p>\n\n","reviews":""},"download_link":"https:\/\/downloads.wordpress.org\/plugin\/vishwa-301-redirects.zip","screenshots":[],"tags":{"301":"301","redirect":"redirect","seo":"seo","url":"url"},"versions":{"1.0":"https:\/\/downloads.wordpress.org\/plugin\/vishwa-301-redirects.1.0.zip"},"donate_link":"","banners":[]}